priority,business,area,email,status,subject,body
A,Gem Steakhouse & Saloon at Mineral Palace,Deadwood,kris@mineralpalace.com,Ready to email,Meat & seafood delivery for Gem Steakhouse & Saloon at Mineral Palace,"Hi Kris,

My name is Chuck with Midwest Suppliers Meats & Seafood. We serve Rapid City, the Black Hills, Deadwood, and surrounding areas with meats and seafood for homes and businesses.

Because Gem Steakhouse & Saloon at Mineral Palace is steak-focused, I thought consistent beef cuts, case pricing, and dependable local delivery could be worth a quick conversation.

We can help with beef, pork, chicken, seafood, freezer-ready cases, and recurring restaurant/business orders. Selections, prices, and availability can vary, so we like to confirm current options directly and keep ordering simple.

Would you be open to a quick call or message this week to see if Midwest Suppliers could help Gem Steakhouse & Saloon at Mineral Palace with any upcoming meat or seafood needs?

Call or text: 605-675-9429
Email: midwestsuppliersmeat@gmail.com
Website: https://justicejuly.github.io/midwest-suppliers-site/

Thank you,
Chuck
Midwest Suppliers Meats & Seafood"
A,Dakotah Steakhouse,Rapid City,robin@DakotahSteakhouse.com,Ready to email,Meat & seafood delivery for Dakotah Steakhouse,"Hi Robin,

My name is Chuck with Midwest Suppliers Meats & Seafood. We serve Rapid City, the Black Hills, Deadwood, and surrounding areas with meats and seafood for homes and businesses.

Because Dakotah Steakhouse is steak-focused, I thought consistent beef cuts, case pricing, and dependable local delivery could be worth a quick conversation.

We can help with beef, pork, chicken, seafood, freezer-ready cases, and recurring restaurant/business orders. Selections, prices, and availability can vary, so we like to confirm current options directly and keep ordering simple.

Would you be open to a quick call or message this week to see if Midwest Suppliers could help Dakotah Steakhouse with any upcoming meat or seafood needs?

Call or text: 605-675-9429
Email: midwestsuppliersmeat@gmail.com
Website: https://justicejuly.github.io/midwest-suppliers-site/

Thank you,
Chuck
Midwest Suppliers Meats & Seafood"
A,1885 Steakhouse & Saloon,Hill City,1885steakhouse@gmail.com,Ready to email,Meat & seafood delivery for 1885 Steakhouse & Saloon,"Hi 1885 Steakhouse & Saloon team,

My name is Chuck with Midwest Suppliers Meats & Seafood. We serve Rapid City, the Black Hills, Deadwood, and surrounding areas with meats and seafood for homes and businesses.

Because 1885 Steakhouse & Saloon is steak-focused, I thought consistent beef cuts, case pricing, and dependable local delivery could be worth a quick conversation.

We can help with beef, pork, chicken, seafood, freezer-ready cases, and recurring restaurant/business orders. Selections, prices, and availability can vary, so we like to confirm current options directly and keep ordering simple.

Would you be open to a quick call or message this week to see if Midwest Suppliers could help 1885 Steakhouse & Saloon with any upcoming meat or seafood needs?

Call or text: 605-675-9429
Email: midwestsuppliersmeat@gmail.com
Website: https://justicejuly.github.io/midwest-suppliers-site/

Thank you,
Chuck
Midwest Suppliers Meats & Seafood"
A,Powder House Restaurant,Keystone,,Need email/contact before sending,Meat & seafood delivery for Powder House Restaurant,"Hi Powder House Restaurant team,

My name is Chuck with Midwest Suppliers Meats & Seafood. We serve Rapid City, the Black Hills, Deadwood, and surrounding areas with meats and seafood for homes and businesses.

Because Powder House Restaurant serves guests in a higher-volume lodging or tourism setting, I thought reliable weekly protein supply could be worth discussing.

We can help with beef, pork, chicken, seafood, freezer-ready cases, and recurring restaurant/business orders. Selections, prices, and availability can vary, so we like to confirm current options directly and keep ordering simple.

Would you be open to a quick call or message this week to see if Midwest Suppliers could help Powder House Restaurant with any upcoming meat or seafood needs?

Call or text: 605-675-9429
Email: midwestsuppliersmeat@gmail.com
Website: https://justicejuly.github.io/midwest-suppliers-site/

Thank you,
Chuck
Midwest Suppliers Meats & Seafood"
A,Custer State Park Resorts dining,Custer State Park,,Need email/contact before sending,Meat & seafood delivery for Custer State Park Resorts dining,"Hi Custer State Park Resorts dining team,

My name is Chuck with Midwest Suppliers Meats & Seafood. We serve Rapid City, the Black Hills, Deadwood, and surrounding areas with meats and seafood for homes and businesses.

Because Custer State Park Resorts dining serves guests in a higher-volume lodging or tourism setting, I thought reliable weekly protein supply could be worth discussing.

We can help with beef, pork, chicken, seafood, freezer-ready cases, and recurring restaurant/business orders. Selections, prices, and availability can vary, so we like to confirm current options directly and keep ordering simple.

Would you be open to a quick call or message this week to see if Midwest Suppliers could help Custer State Park Resorts dining with any upcoming meat or seafood needs?

Call or text: 605-675-9429
Email: midwestsuppliersmeat@gmail.com
Website: https://justicejuly.github.io/midwest-suppliers-site/

Thank you,
Chuck
Midwest Suppliers Meats & Seafood"
A,Deadwood Legends Steakhouse at The Franklin,Deadwood,,Need email/contact before sending,Meat & seafood delivery for Deadwood Legends Steakhouse at The Franklin,"Hi Deadwood Legends Steakhouse at The Franklin team,

My name is Chuck with Midwest Suppliers Meats & Seafood. We serve Rapid City, the Black Hills, Deadwood, and surrounding areas with meats and seafood for homes and businesses.

Because Deadwood Legends Steakhouse at The Franklin is steak-focused, I thought consistent beef cuts, case pricing, and dependable local delivery could be worth a quick conversation.

We can help with beef, pork, chicken, seafood, freezer-ready cases, and recurring restaurant/business orders. Selections, prices, and availability can vary, so we like to confirm current options directly and keep ordering simple.

Would you be open to a quick call or message this week to see if Midwest Suppliers could help Deadwood Legends Steakhouse at The Franklin with any upcoming meat or seafood needs?

Call or text: 605-675-9429
Email: midwestsuppliersmeat@gmail.com
Website: https://justicejuly.github.io/midwest-suppliers-site/

Thank you,
Chuck
Midwest Suppliers Meats & Seafood"
A,FLYT Steakhouse by Alpine Inn,Deadwood,,Need email/contact before sending,Meat & seafood delivery for FLYT Steakhouse by Alpine Inn,"Hi FLYT Steakhouse by Alpine Inn team,

My name is Chuck with Midwest Suppliers Meats & Seafood. We serve Rapid City, the Black Hills, Deadwood, and surrounding areas with meats and seafood for homes and businesses.

Because FLYT Steakhouse by Alpine Inn is steak-focused, I thought consistent beef cuts, case pricing, and dependable local delivery could be worth a quick conversation.

We can help with beef, pork, chicken, seafood, freezer-ready cases, and recurring restaurant/business orders. Selections, prices, and availability can vary, so we like to confirm current options directly and keep ordering simple.

Would you be open to a quick call or message this week to see if Midwest Suppliers could help FLYT Steakhouse by Alpine Inn with any upcoming meat or seafood needs?

Call or text: 605-675-9429
Email: midwestsuppliersmeat@gmail.com
Website: https://justicejuly.github.io/midwest-suppliers-site/

Thank you,
Chuck
Midwest Suppliers Meats & Seafood"
A,Ridgeline Roadhouse,Rapid City / Hill City corridor,,Need email/contact before sending,Meat & seafood delivery for Ridgeline Roadhouse,"Hi Ridgeline Roadhouse team,

My name is Chuck with Midwest Suppliers Meats & Seafood. We serve Rapid City, the Black Hills, Deadwood, and surrounding areas with meats and seafood for homes and businesses.

Because Ridgeline Roadhouse is steak-focused, I thought consistent beef cuts, case pricing, and dependable local delivery could be worth a quick conversation.

We can help with beef, pork, chicken, seafood, freezer-ready cases, and recurring restaurant/business orders. Selections, prices, and availability can vary, so we like to confirm current options directly and keep ordering simple.

Would you be open to a quick call or message this week to see if Midwest Suppliers could help Ridgeline Roadhouse with any upcoming meat or seafood needs?

Call or text: 605-675-9429
Email: midwestsuppliersmeat@gmail.com
Website: https://justicejuly.github.io/midwest-suppliers-site/

Thank you,
Chuck
Midwest Suppliers Meats & Seafood"
A,Latchstring Restaurant,Spearfish Canyon / Lead,latchstring@spfcanyon.com,Ready to email,Meat & seafood delivery for Latchstring Restaurant,"Hi Latchstring Restaurant team,

My name is Chuck with Midwest Suppliers Meats & Seafood. We serve Rapid City, the Black Hills, Deadwood, and surrounding areas with meats and seafood for homes and businesses.

Because Latchstring Restaurant serves guests in a higher-volume lodging or tourism setting, I thought reliable weekly protein supply could be worth discussing.

We can help with beef, pork, chicken, seafood, freezer-ready cases, and recurring restaurant/business orders. Selections, prices, and availability can vary, so we like to confirm current options directly and keep ordering simple.

Would you be open to a quick call or message this week to see if Midwest Suppliers could help Latchstring Restaurant with any upcoming meat or seafood needs?

Call or text: 605-675-9429
Email: midwestsuppliersmeat@gmail.com
Website: https://justicejuly.github.io/midwest-suppliers-site/

Thank you,
Chuck
Midwest Suppliers Meats & Seafood"
A,Bunky’s BBQ,Spearfish,bunkys.bbq@gmail.com,Ready to email,Meat & seafood delivery for Bunky’s BBQ,"Hi Bunky’s BBQ team,

My name is Chuck with Midwest Suppliers Meats & Seafood. We serve Rapid City, the Black Hills, Deadwood, and surrounding areas with meats and seafood for homes and businesses.

Because Bunky’s BBQ serves BBQ, I thought brisket, ribs, pork, chicken, and consistent case pricing could be a good fit.

We can help with beef, pork, chicken, seafood, freezer-ready cases, and recurring restaurant/business orders. Selections, prices, and availability can vary, so we like to confirm current options directly and keep ordering simple.

Would you be open to a quick call or message this week to see if Midwest Suppliers could help Bunky’s BBQ with any upcoming meat or seafood needs?

Call or text: 605-675-9429
Email: midwestsuppliersmeat@gmail.com
Website: https://justicejuly.github.io/midwest-suppliers-site/

Thank you,
Chuck
Midwest Suppliers Meats & Seafood"
B,Delmonico Grill,Rapid City,,Need email/contact before sending,Meat & seafood delivery for Delmonico Grill,"Hi Delmonico Grill team,

My name is Chuck with Midwest Suppliers Meats & Seafood. We serve Rapid City, the Black Hills, Deadwood, and surrounding areas with meats and seafood for homes and businesses.

Because Delmonico Grill is steak-focused, I thought consistent beef cuts, case pricing, and dependable local delivery could be worth a quick conversation.

We can help with beef, pork, chicken, seafood, freezer-ready cases, and recurring restaurant/business orders. Selections, prices, and availability can vary, so we like to confirm current options directly and keep ordering simple.

Would you be open to a quick call or message this week to see if Midwest Suppliers could help Delmonico Grill with any upcoming meat or seafood needs?

Call or text: 605-675-9429
Email: midwestsuppliersmeat@gmail.com
Website: https://justicejuly.github.io/midwest-suppliers-site/

Thank you,
Chuck
Midwest Suppliers Meats & Seafood"
B,SEAR Steakhouse,Black Hills / Deadwood area,,Need email/contact before sending,Meat & seafood delivery for SEAR Steakhouse,"Hi SEAR Steakhouse team,

My name is Chuck with Midwest Suppliers Meats & Seafood. We serve Rapid City, the Black Hills, Deadwood, and surrounding areas with meats and seafood for homes and businesses.

Because SEAR Steakhouse is steak-focused, I thought consistent beef cuts, case pricing, and dependable local delivery could be worth a quick conversation.

We can help with beef, pork, chicken, seafood, freezer-ready cases, and recurring restaurant/business orders. Selections, prices, and availability can vary, so we like to confirm current options directly and keep ordering simple.

Would you be open to a quick call or message this week to see if Midwest Suppliers could help SEAR Steakhouse with any upcoming meat or seafood needs?

Call or text: 605-675-9429
Email: midwestsuppliersmeat@gmail.com
Website: https://justicejuly.github.io/midwest-suppliers-site/

Thank you,
Chuck
Midwest Suppliers Meats & Seafood"
B,Alpine Inn,Hill City,,Need email/contact before sending,Meat & seafood delivery for Alpine Inn,"Hi Alpine Inn team,

My name is Chuck with Midwest Suppliers Meats & Seafood. We serve Rapid City, the Black Hills, Deadwood, and surrounding areas with meats and seafood for homes and businesses.

I thought Alpine Inn could be a good fit for local meat and seafood delivery, case pricing, and dependable ordering.

We can help with beef, pork, chicken, seafood, freezer-ready cases, and recurring restaurant/business orders. Selections, prices, and availability can vary, so we like to confirm current options directly and keep ordering simple.

Would you be open to a quick call or message this week to see if Midwest Suppliers could help Alpine Inn with any upcoming meat or seafood needs?

Call or text: 605-675-9429
Email: midwestsuppliersmeat@gmail.com
Website: https://justicejuly.github.io/midwest-suppliers-site/

Thank you,
Chuck
Midwest Suppliers Meats & Seafood"
B,Blue Bell Lodge Dining,Custer State Park,,Need email/contact before sending,Meat & seafood delivery for Blue Bell Lodge Dining,"Hi Blue Bell Lodge Dining team,

My name is Chuck with Midwest Suppliers Meats & Seafood. We serve Rapid City, the Black Hills, Deadwood, and surrounding areas with meats and seafood for homes and businesses.

Because Blue Bell Lodge Dining serves guests in a higher-volume lodging or tourism setting, I thought reliable weekly protein supply could be worth discussing.

We can help with beef, pork, chicken, seafood, freezer-ready cases, and recurring restaurant/business orders. Selections, prices, and availability can vary, so we like to confirm current options directly and keep ordering simple.

Would you be open to a quick call or message this week to see if Midwest Suppliers could help Blue Bell Lodge Dining with any upcoming meat or seafood needs?

Call or text: 605-675-9429
Email: midwestsuppliersmeat@gmail.com
Website: https://justicejuly.github.io/midwest-suppliers-site/

Thank you,
Chuck
Midwest Suppliers Meats & Seafood"
B,The Lodge at Deadwood restaurants,Deadwood,,Need email/contact before sending,Meat & seafood delivery for The Lodge at Deadwood restaurants,"Hi The Lodge at Deadwood restaurants team,

My name is Chuck with Midwest Suppliers Meats & Seafood. We serve Rapid City, the Black Hills, Deadwood, and surrounding areas with meats and seafood for homes and businesses.

Because The Lodge at Deadwood restaurants serves guests in a higher-volume lodging or tourism setting, I thought reliable weekly protein supply could be worth discussing.

We can help with beef, pork, chicken, seafood, freezer-ready cases, and recurring restaurant/business orders. Selections, prices, and availability can vary, so we like to confirm current options directly and keep ordering simple.

Would you be open to a quick call or message this week to see if Midwest Suppliers could help The Lodge at Deadwood restaurants with any upcoming meat or seafood needs?

Call or text: 605-675-9429
Email: midwestsuppliersmeat@gmail.com
Website: https://justicejuly.github.io/midwest-suppliers-site/

Thank you,
Chuck
Midwest Suppliers Meats & Seafood"
B,Deadwood Mountain Grand dining,Deadwood,,Need email/contact before sending,Meat & seafood delivery for Deadwood Mountain Grand dining,"Hi Deadwood Mountain Grand dining team,

My name is Chuck with Midwest Suppliers Meats & Seafood. We serve Rapid City, the Black Hills, Deadwood, and surrounding areas with meats and seafood for homes and businesses.

Because Deadwood Mountain Grand dining serves guests in a higher-volume lodging or tourism setting, I thought reliable weekly protein supply could be worth discussing.

We can help with beef, pork, chicken, seafood, freezer-ready cases, and recurring restaurant/business orders. Selections, prices, and availability can vary, so we like to confirm current options directly and keep ordering simple.

Would you be open to a quick call or message this week to see if Midwest Suppliers could help Deadwood Mountain Grand dining with any upcoming meat or seafood needs?

Call or text: 605-675-9429
Email: midwestsuppliersmeat@gmail.com
Website: https://justicejuly.github.io/midwest-suppliers-site/

Thank you,
Chuck
Midwest Suppliers Meats & Seafood"
B,Hickok’s Tavern - Rocksino by Hard Rock Deadwood,Deadwood,,Need email/contact before sending,Meat & seafood delivery for Hickok’s Tavern - Rocksino by Hard Rock Deadwood,"Hi Hickok’s Tavern - Rocksino by Hard Rock Deadwood team,

My name is Chuck with Midwest Suppliers Meats & Seafood. We serve Rapid City, the Black Hills, Deadwood, and surrounding areas with meats and seafood for homes and businesses.

Because Hickok’s Tavern - Rocksino by Hard Rock Deadwood serves guests in a higher-volume lodging or tourism setting, I thought reliable weekly protein supply could be worth discussing.

We can help with beef, pork, chicken, seafood, freezer-ready cases, and recurring restaurant/business orders. Selections, prices, and availability can vary, so we like to confirm current options directly and keep ordering simple.

Would you be open to a quick call or message this week to see if Midwest Suppliers could help Hickok’s Tavern - Rocksino by Hard Rock Deadwood with any upcoming meat or seafood needs?

Call or text: 605-675-9429
Email: midwestsuppliersmeat@gmail.com
Website: https://justicejuly.github.io/midwest-suppliers-site/

Thank you,
Chuck
Midwest Suppliers Meats & Seafood"
B,Maverick's Steaks & Cocktails,Deadwood,,Need email/contact before sending,Meat & seafood delivery for Maverick's Steaks & Cocktails,"Hi Maverick's Steaks & Cocktails team,

My name is Chuck with Midwest Suppliers Meats & Seafood. We serve Rapid City, the Black Hills, Deadwood, and surrounding areas with meats and seafood for homes and businesses.

Because Maverick's Steaks & Cocktails is steak-focused, I thought consistent beef cuts, case pricing, and dependable local delivery could be worth a quick conversation.

We can help with beef, pork, chicken, seafood, freezer-ready cases, and recurring restaurant/business orders. Selections, prices, and availability can vary, so we like to confirm current options directly and keep ordering simple.

Would you be open to a quick call or message this week to see if Midwest Suppliers could help Maverick's Steaks & Cocktails with any upcoming meat or seafood needs?

Call or text: 605-675-9429
Email: midwestsuppliersmeat@gmail.com
Website: https://justicejuly.github.io/midwest-suppliers-site/

Thank you,
Chuck
Midwest Suppliers Meats & Seafood"
B,Jacobs Brewhouse & Grocer,Deadwood,,Need email/contact before sending,Meat & seafood delivery for Jacobs Brewhouse & Grocer,"Hi Jacobs Brewhouse & Grocer team,

My name is Chuck with Midwest Suppliers Meats & Seafood. We serve Rapid City, the Black Hills, Deadwood, and surrounding areas with meats and seafood for homes and businesses.

I thought Jacobs Brewhouse & Grocer could be a good fit for local meat and seafood delivery, case pricing, and dependable ordering.

We can help with beef, pork, chicken, seafood, freezer-ready cases, and recurring restaurant/business orders. Selections, prices, and availability can vary, so we like to confirm current options directly and keep ordering simple.

Would you be open to a quick call or message this week to see if Midwest Suppliers could help Jacobs Brewhouse & Grocer with any upcoming meat or seafood needs?

Call or text: 605-675-9429
Email: midwestsuppliersmeat@gmail.com
Website: https://justicejuly.github.io/midwest-suppliers-site/

Thank you,
Chuck
Midwest Suppliers Meats & Seafood"
B,Killian's Tavern,Spearfish,,Need email/contact before sending,Meat & seafood delivery for Killian's Tavern,"Hi Killian's Tavern team,

My name is Chuck with Midwest Suppliers Meats & Seafood. We serve Rapid City, the Black Hills, Deadwood, and surrounding areas with meats and seafood for homes and businesses.

Because Killian's Tavern is steak-focused, I thought consistent beef cuts, case pricing, and dependable local delivery could be worth a quick conversation.

We can help with beef, pork, chicken, seafood, freezer-ready cases, and recurring restaurant/business orders. Selections, prices, and availability can vary, so we like to confirm current options directly and keep ordering simple.

Would you be open to a quick call or message this week to see if Midwest Suppliers could help Killian's Tavern with any upcoming meat or seafood needs?

Call or text: 605-675-9429
Email: midwestsuppliersmeat@gmail.com
Website: https://justicejuly.github.io/midwest-suppliers-site/

Thank you,
Chuck
Midwest Suppliers Meats & Seafood"
B,Redwater Kitchen,Spearfish,,Need email/contact before sending,Meat & seafood delivery for Redwater Kitchen,"Hi Redwater Kitchen team,

My name is Chuck with Midwest Suppliers Meats & Seafood. We serve Rapid City, the Black Hills, Deadwood, and surrounding areas with meats and seafood for homes and businesses.

I thought Redwater Kitchen could be a good fit for local meat and seafood delivery, case pricing, and dependable ordering.

We can help with beef, pork, chicken, seafood, freezer-ready cases, and recurring restaurant/business orders. Selections, prices, and availability can vary, so we like to confirm current options directly and keep ordering simple.

Would you be open to a quick call or message this week to see if Midwest Suppliers could help Redwater Kitchen with any upcoming meat or seafood needs?

Call or text: 605-675-9429
Email: midwestsuppliersmeat@gmail.com
Website: https://justicejuly.github.io/midwest-suppliers-site/

Thank you,
Chuck
Midwest Suppliers Meats & Seafood"
B,Desperados Cowboys Restaurant,Hill City,,Need email/contact before sending,Meat & seafood delivery for Desperados Cowboys Restaurant,"Hi Desperados Cowboys Restaurant team,

My name is Chuck with Midwest Suppliers Meats & Seafood. We serve Rapid City, the Black Hills, Deadwood, and surrounding areas with meats and seafood for homes and businesses.

I thought Desperados Cowboys Restaurant could be a good fit for local meat and seafood delivery, case pricing, and dependable ordering.

We can help with beef, pork, chicken, seafood, freezer-ready cases, and recurring restaurant/business orders. Selections, prices, and availability can vary, so we like to confirm current options directly and keep ordering simple.

Would you be open to a quick call or message this week to see if Midwest Suppliers could help Desperados Cowboys Restaurant with any upcoming meat or seafood needs?

Call or text: 605-675-9429
Email: midwestsuppliersmeat@gmail.com
Website: https://justicejuly.github.io/midwest-suppliers-site/

Thank you,
Chuck
Midwest Suppliers Meats & Seafood"
B,Chute Rooster,Hill City,,Need email/contact before sending,Meat & seafood delivery for Chute Rooster,"Hi Chute Rooster team,

My name is Chuck with Midwest Suppliers Meats & Seafood. We serve Rapid City, the Black Hills, Deadwood, and surrounding areas with meats and seafood for homes and businesses.

I thought Chute Rooster could be a good fit for local meat and seafood delivery, case pricing, and dependable ordering.

We can help with beef, pork, chicken, seafood, freezer-ready cases, and recurring restaurant/business orders. Selections, prices, and availability can vary, so we like to confirm current options directly and keep ordering simple.

Would you be open to a quick call or message this week to see if Midwest Suppliers could help Chute Rooster with any upcoming meat or seafood needs?

Call or text: 605-675-9429
Email: midwestsuppliersmeat@gmail.com
Website: https://justicejuly.github.io/midwest-suppliers-site/

Thank you,
Chuck
Midwest Suppliers Meats & Seafood"
B,Circle B Ranch Chuckwagon,Hill City,,Need email/contact before sending,Meat & seafood delivery for Circle B Ranch Chuckwagon,"Hi Circle B Ranch Chuckwagon team,

My name is Chuck with Midwest Suppliers Meats & Seafood. We serve Rapid City, the Black Hills, Deadwood, and surrounding areas with meats and seafood for homes and businesses.

I thought Circle B Ranch Chuckwagon could be a good fit for local meat and seafood delivery, case pricing, and dependable ordering.

We can help with beef, pork, chicken, seafood, freezer-ready cases, and recurring restaurant/business orders. Selections, prices, and availability can vary, so we like to confirm current options directly and keep ordering simple.

Would you be open to a quick call or message this week to see if Midwest Suppliers could help Circle B Ranch Chuckwagon with any upcoming meat or seafood needs?

Call or text: 605-675-9429
Email: midwestsuppliersmeat@gmail.com
Website: https://justicejuly.github.io/midwest-suppliers-site/

Thank you,
Chuck
Midwest Suppliers Meats & Seafood"
B,Gold Bison Grill,Rapid City,,Need email/contact before sending,Meat & seafood delivery for Gold Bison Grill,"Hi Gold Bison Grill team,

My name is Chuck with Midwest Suppliers Meats & Seafood. We serve Rapid City, the Black Hills, Deadwood, and surrounding areas with meats and seafood for homes and businesses.

I thought Gold Bison Grill could be a good fit for local meat and seafood delivery, case pricing, and dependable ordering.

We can help with beef, pork, chicken, seafood, freezer-ready cases, and recurring restaurant/business orders. Selections, prices, and availability can vary, so we like to confirm current options directly and keep ordering simple.

Would you be open to a quick call or message this week to see if Midwest Suppliers could help Gold Bison Grill with any upcoming meat or seafood needs?

Call or text: 605-675-9429
Email: midwestsuppliersmeat@gmail.com
Website: https://justicejuly.github.io/midwest-suppliers-site/

Thank you,
Chuck
Midwest Suppliers Meats & Seafood"
B,Tally's Silver Spoon,Rapid City,,Need email/contact before sending,Meat & seafood delivery for Tally's Silver Spoon,"Hi Tally's Silver Spoon team,

My name is Chuck with Midwest Suppliers Meats & Seafood. We serve Rapid City, the Black Hills, Deadwood, and surrounding areas with meats and seafood for homes and businesses.

I thought Tally's Silver Spoon could be a good fit for local meat and seafood delivery, case pricing, and dependable ordering.

We can help with beef, pork, chicken, seafood, freezer-ready cases, and recurring restaurant/business orders. Selections, prices, and availability can vary, so we like to confirm current options directly and keep ordering simple.

Would you be open to a quick call or message this week to see if Midwest Suppliers could help Tally's Silver Spoon with any upcoming meat or seafood needs?

Call or text: 605-675-9429
Email: midwestsuppliersmeat@gmail.com
Website: https://justicejuly.github.io/midwest-suppliers-site/

Thank you,
Chuck
Midwest Suppliers Meats & Seafood"
B,The Bashful Bison Deli and Market,Rapid City,,Need email/contact before sending,Meat & seafood delivery for The Bashful Bison Deli and Market,"Hi The Bashful Bison Deli and Market team,

My name is Chuck with Midwest Suppliers Meats & Seafood. We serve Rapid City, the Black Hills, Deadwood, and surrounding areas with meats and seafood for homes and businesses.

I thought The Bashful Bison Deli and Market could be a good fit for local meat and seafood delivery, case pricing, and dependable ordering.

We can help with beef, pork, chicken, seafood, freezer-ready cases, and recurring restaurant/business orders. Selections, prices, and availability can vary, so we like to confirm current options directly and keep ordering simple.

Would you be open to a quick call or message this week to see if Midwest Suppliers could help The Bashful Bison Deli and Market with any upcoming meat or seafood needs?

Call or text: 605-675-9429
Email: midwestsuppliersmeat@gmail.com
Website: https://justicejuly.github.io/midwest-suppliers-site/

Thank you,
Chuck
Midwest Suppliers Meats & Seafood"
B,Minervas Restaurant and Bar,Rapid City,,Need email/contact before sending,Meat & seafood delivery for Minervas Restaurant and Bar,"Hi Minervas Restaurant and Bar team,

My name is Chuck with Midwest Suppliers Meats & Seafood. We serve Rapid City, the Black Hills, Deadwood, and surrounding areas with meats and seafood for homes and businesses.

I thought Minervas Restaurant and Bar could be a good fit for local meat and seafood delivery, case pricing, and dependable ordering.

We can help with beef, pork, chicken, seafood, freezer-ready cases, and recurring restaurant/business orders. Selections, prices, and availability can vary, so we like to confirm current options directly and keep ordering simple.

Would you be open to a quick call or message this week to see if Midwest Suppliers could help Minervas Restaurant and Bar with any upcoming meat or seafood needs?

Call or text: 605-675-9429
Email: midwestsuppliersmeat@gmail.com
Website: https://justicejuly.github.io/midwest-suppliers-site/

Thank you,
Chuck
Midwest Suppliers Meats & Seafood"
B,Old School Sliders,Rapid City,,Need email/contact before sending,Meat & seafood delivery for Old School Sliders,"Hi Old School Sliders team,

My name is Chuck with Midwest Suppliers Meats & Seafood. We serve Rapid City, the Black Hills, Deadwood, and surrounding areas with meats and seafood for homes and businesses.

Because Old School Sliders has a burger/tavern-style menu fit, I thought beef, chicken, pork, and seafood options could be useful for consistent ordering.

We can help with beef, pork, chicken, seafood, freezer-ready cases, and recurring restaurant/business orders. Selections, prices, and availability can vary, so we like to confirm current options directly and keep ordering simple.

Would you be open to a quick call or message this week to see if Midwest Suppliers could help Old School Sliders with any upcoming meat or seafood needs?

Call or text: 605-675-9429
Email: midwestsuppliersmeat@gmail.com
Website: https://justicejuly.github.io/midwest-suppliers-site/

Thank you,
Chuck
Midwest Suppliers Meats & Seafood"
C,Wine Cellar Restaurant,Rapid City,,Need email/contact before sending,Meat & seafood delivery for Wine Cellar Restaurant,"Hi Wine Cellar Restaurant team,

My name is Chuck with Midwest Suppliers Meats & Seafood. We serve Rapid City, the Black Hills, Deadwood, and surrounding areas with meats and seafood for homes and businesses.

Because Wine Cellar Restaurant serves BBQ, I thought brisket, ribs, pork, chicken, and consistent case pricing could be a good fit.

We can help with beef, pork, chicken, seafood, freezer-ready cases, and recurring restaurant/business orders. Selections, prices, and availability can vary, so we like to confirm current options directly and keep ordering simple.

Would you be open to a quick call or message this week to see if Midwest Suppliers could help Wine Cellar Restaurant with any upcoming meat or seafood needs?

Call or text: 605-675-9429
Email: midwestsuppliersmeat@gmail.com
Website: https://justicejuly.github.io/midwest-suppliers-site/

Thank you,
Chuck
Midwest Suppliers Meats & Seafood"
C,Jambonz,Rapid City,,Need email/contact before sending,Meat & seafood delivery for Jambonz,"Hi Jambonz team,

My name is Chuck with Midwest Suppliers Meats & Seafood. We serve Rapid City, the Black Hills, Deadwood, and surrounding areas with meats and seafood for homes and businesses.

I thought Jambonz could be a good fit for local meat and seafood delivery, case pricing, and dependable ordering.

We can help with beef, pork, chicken, seafood, freezer-ready cases, and recurring restaurant/business orders. Selections, prices, and availability can vary, so we like to confirm current options directly and keep ordering simple.

Would you be open to a quick call or message this week to see if Midwest Suppliers could help Jambonz with any upcoming meat or seafood needs?

Call or text: 605-675-9429
Email: midwestsuppliersmeat@gmail.com
Website: https://justicejuly.github.io/midwest-suppliers-site/

Thank you,
Chuck
Midwest Suppliers Meats & Seafood"
C,Inferno,Rapid City,,Need email/contact before sending,Meat & seafood delivery for Inferno,"Hi Inferno team,

My name is Chuck with Midwest Suppliers Meats & Seafood. We serve Rapid City, the Black Hills, Deadwood, and surrounding areas with meats and seafood for homes and businesses.

I thought Inferno could be a good fit for local meat and seafood delivery, case pricing, and dependable ordering.

We can help with beef, pork, chicken, seafood, freezer-ready cases, and recurring restaurant/business orders. Selections, prices, and availability can vary, so we like to confirm current options directly and keep ordering simple.

Would you be open to a quick call or message this week to see if Midwest Suppliers could help Inferno with any upcoming meat or seafood needs?

Call or text: 605-675-9429
Email: midwestsuppliersmeat@gmail.com
Website: https://justicejuly.github.io/midwest-suppliers-site/

Thank you,
Chuck
Midwest Suppliers Meats & Seafood"
C,Antunez,Spearfish,,Need email/contact before sending,Meat & seafood delivery for Antunez,"Hi Antunez team,

My name is Chuck with Midwest Suppliers Meats & Seafood. We serve Rapid City, the Black Hills, Deadwood, and surrounding areas with meats and seafood for homes and businesses.

I thought Antunez could be a good fit for local meat and seafood delivery, case pricing, and dependable ordering.

We can help with beef, pork, chicken, seafood, freezer-ready cases, and recurring restaurant/business orders. Selections, prices, and availability can vary, so we like to confirm current options directly and keep ordering simple.

Would you be open to a quick call or message this week to see if Midwest Suppliers could help Antunez with any upcoming meat or seafood needs?

Call or text: 605-675-9429
Email: midwestsuppliersmeat@gmail.com
Website: https://justicejuly.github.io/midwest-suppliers-site/

Thank you,
Chuck
Midwest Suppliers Meats & Seafood"
C,Nonna's Kitchen,Spearfish,,Need email/contact before sending,Meat & seafood delivery for Nonna's Kitchen,"Hi Nonna's Kitchen team,

My name is Chuck with Midwest Suppliers Meats & Seafood. We serve Rapid City, the Black Hills, Deadwood, and surrounding areas with meats and seafood for homes and businesses.

I thought Nonna's Kitchen could be a good fit for local meat and seafood delivery, case pricing, and dependable ordering.

We can help with beef, pork, chicken, seafood, freezer-ready cases, and recurring restaurant/business orders. Selections, prices, and availability can vary, so we like to confirm current options directly and keep ordering simple.

Would you be open to a quick call or message this week to see if Midwest Suppliers could help Nonna's Kitchen with any upcoming meat or seafood needs?

Call or text: 605-675-9429
Email: midwestsuppliersmeat@gmail.com
Website: https://justicejuly.github.io/midwest-suppliers-site/

Thank you,
Chuck
Midwest Suppliers Meats & Seafood"
C,The Dough Trader,Spearfish,,Need email/contact before sending,Meat & seafood delivery for The Dough Trader,"Hi The Dough Trader team,

My name is Chuck with Midwest Suppliers Meats & Seafood. We serve Rapid City, the Black Hills, Deadwood, and surrounding areas with meats and seafood for homes and businesses.

I thought The Dough Trader could be a good fit for local meat and seafood delivery, case pricing, and dependable ordering.

We can help with beef, pork, chicken, seafood, freezer-ready cases, and recurring restaurant/business orders. Selections, prices, and availability can vary, so we like to confirm current options directly and keep ordering simple.

Would you be open to a quick call or message this week to see if Midwest Suppliers could help The Dough Trader with any upcoming meat or seafood needs?

Call or text: 605-675-9429
Email: midwestsuppliersmeat@gmail.com
Website: https://justicejuly.github.io/midwest-suppliers-site/

Thank you,
Chuck
Midwest Suppliers Meats & Seafood"
C,The Custer Wolf,Custer,,Need email/contact before sending,Meat & seafood delivery for The Custer Wolf,"Hi The Custer Wolf team,

My name is Chuck with Midwest Suppliers Meats & Seafood. We serve Rapid City, the Black Hills, Deadwood, and surrounding areas with meats and seafood for homes and businesses.

I thought The Custer Wolf could be a good fit for local meat and seafood delivery, case pricing, and dependable ordering.

We can help with beef, pork, chicken, seafood, freezer-ready cases, and recurring restaurant/business orders. Selections, prices, and availability can vary, so we like to confirm current options directly and keep ordering simple.

Would you be open to a quick call or message this week to see if Midwest Suppliers could help The Custer Wolf with any upcoming meat or seafood needs?

Call or text: 605-675-9429
Email: midwestsuppliersmeat@gmail.com
Website: https://justicejuly.github.io/midwest-suppliers-site/

Thank you,
Chuck
Midwest Suppliers Meats & Seafood"
C,Buglin’ Bull,Custer,,Need email/contact before sending,Meat & seafood delivery for Buglin’ Bull,"Hi Buglin’ Bull team,

My name is Chuck with Midwest Suppliers Meats & Seafood. We serve Rapid City, the Black Hills, Deadwood, and surrounding areas with meats and seafood for homes and businesses.

I thought Buglin’ Bull could be a good fit for local meat and seafood delivery, case pricing, and dependable ordering.

We can help with beef, pork, chicken, seafood, freezer-ready cases, and recurring restaurant/business orders. Selections, prices, and availability can vary, so we like to confirm current options directly and keep ordering simple.

Would you be open to a quick call or message this week to see if Midwest Suppliers could help Buglin’ Bull with any upcoming meat or seafood needs?

Call or text: 605-675-9429
Email: midwestsuppliersmeat@gmail.com
Website: https://justicejuly.github.io/midwest-suppliers-site/

Thank you,
Chuck
Midwest Suppliers Meats & Seafood"
C,Boulder Canyon Golf Club - Canyon Grille,Sturgis/Deadwood corridor,,Need email/contact before sending,Meat & seafood delivery for Boulder Canyon Golf Club - Canyon Grille,"Hi Boulder Canyon Golf Club - Canyon Grille team,

My name is Chuck with Midwest Suppliers Meats & Seafood. We serve Rapid City, the Black Hills, Deadwood, and surrounding areas with meats and seafood for homes and businesses.

Because Boulder Canyon Golf Club - Canyon Grille is steak-focused, I thought consistent beef cuts, case pricing, and dependable local delivery could be worth a quick conversation.

We can help with beef, pork, chicken, seafood, freezer-ready cases, and recurring restaurant/business orders. Selections, prices, and availability can vary, so we like to confirm current options directly and keep ordering simple.

Would you be open to a quick call or message this week to see if Midwest Suppliers could help Boulder Canyon Golf Club - Canyon Grille with any upcoming meat or seafood needs?

Call or text: 605-675-9429
Email: midwestsuppliersmeat@gmail.com
Website: https://justicejuly.github.io/midwest-suppliers-site/

Thank you,
Chuck
Midwest Suppliers Meats & Seafood"
C,Stampmill Inn Restaurant Saloon & Victorian Suites,Lead,,Need email/contact before sending,Meat & seafood delivery for Stampmill Inn Restaurant Saloon & Victorian Suites,"Hi Stampmill Inn Restaurant Saloon & Victorian Suites team,

My name is Chuck with Midwest Suppliers Meats & Seafood. We serve Rapid City, the Black Hills, Deadwood, and surrounding areas with meats and seafood for homes and businesses.

I thought Stampmill Inn Restaurant Saloon & Victorian Suites could be a good fit for local meat and seafood delivery, case pricing, and dependable ordering.

We can help with beef, pork, chicken, seafood, freezer-ready cases, and recurring restaurant/business orders. Selections, prices, and availability can vary, so we like to confirm current options directly and keep ordering simple.

Would you be open to a quick call or message this week to see if Midwest Suppliers could help Stampmill Inn Restaurant Saloon & Victorian Suites with any upcoming meat or seafood needs?

Call or text: 605-675-9429
Email: midwestsuppliersmeat@gmail.com
Website: https://justicejuly.github.io/midwest-suppliers-site/

Thank you,
Chuck
Midwest Suppliers Meats & Seafood"
